<?xml version="1.0" encoding="UTF-8"?>
<beans xmlns="http://www.springframework.org/schema/beans"
	xmlns:xsi="http://www.w3.org/2001/XMLSchema-instance"
	xmlns:context="http://www.springframework.org/schema/context"
	xsi:schemaLocation="http://www.springframework.org/schema/beans 
	http://www.springframework.org/schema/beans/spring-beans.xsd
http://www.springframework.org/schema/context
 http://www.springframework.org/schema/context/spring-context.xsd">
 
	<context:component-scan base-package="ch.javaprofi_academy.autowiringmodes" />

	<bean id="service1" class="ch.javaprofi_academy.autowiringmodes.AutowiringDemo.MsgServiceBean">
	  	<constructor-arg value="MSG!" />
	 </bean>
	 	 
	<bean id="printer" class="ch.javaprofi_academy.autowiringmodes.AutowiringDemo.PrintServiceBean">
		 <constructor-arg value="PRINTER PRINTS PRINTER" />
	 </bean>
	 
	 
	 
	 
	 <bean id="clientBeanByName" class="ch.javaprofi_academy.autowiringmodes.AutowiringDemo.ClientBean"
	 lazy-init="true" autowire="byName"/>

	 <bean id="clientBeanByType" class="ch.javaprofi_academy.autowiringmodes.AutowiringDemo.ClientBean"
	 lazy-init="true" autowire="byType"/>

	 <bean id="clientBeanByConstructor" class="ch.javaprofi_academy.autowiringmodes.AutowiringDemo.ClientBean"
	 lazy-init="true" autowire="constructor"/>
	 
</beans>

